<?xml version="1.0" encoding="UTF-8"?>
<project name="module_inf2100-oblig-2017" default="compile.module.inf2100-oblig-2017">
  <dirname property="module.inf2100-oblig-2017.basedir" file="${ant.file.module_inf2100-oblig-2017}"/>
  
  <property name="module.jdk.home.inf2100-oblig-2017" value="${project.jdk.home}"/>
  <property name="module.jdk.bin.inf2100-oblig-2017" value="${project.jdk.bin}"/>
  <property name="module.jdk.classpath.inf2100-oblig-2017" value="${project.jdk.classpath}"/>
  
  <property name="compiler.args.inf2100-oblig-2017" value="-encoding UTF-8 -source 9 -target 9 ${compiler.args}"/>
  
  <property name="inf2100-oblig-2017.output.dir" value="${module.inf2100-oblig-2017.basedir}/out/production/inf2100-oblig-2017"/>
  <property name="inf2100-oblig-2017.testoutput.dir" value="${module.inf2100-oblig-2017.basedir}/out/test/inf2100-oblig-2017"/>
  
  <path id="inf2100-oblig-2017.module.bootclasspath">
    <!-- Paths to be included in compilation bootclasspath -->
  </path>
  
  <path id="inf2100-oblig-2017.module.production.classpath">
    <path refid="${module.jdk.classpath.inf2100-oblig-2017}"/>
  </path>
  
  <path id="inf2100-oblig-2017.runtime.production.module.classpath">
    <pathelement location="${inf2100-oblig-2017.output.dir}"/>
  </path>
  
  <path id="inf2100-oblig-2017.module.classpath">
    <path refid="${module.jdk.classpath.inf2100-oblig-2017}"/>
    <pathelement location="${inf2100-oblig-2017.output.dir}"/>
  </path>
  
  <path id="inf2100-oblig-2017.runtime.module.classpath">
    <pathelement location="${inf2100-oblig-2017.testoutput.dir}"/>
    <pathelement location="${inf2100-oblig-2017.output.dir}"/>
  </path>
  
  
  <patternset id="excluded.from.module.inf2100-oblig-2017">
    <patternset refid="ignored.files"/>
  </patternset>
  
  <patternset id="excluded.from.compilation.inf2100-oblig-2017">
    <patternset refid="excluded.from.module.inf2100-oblig-2017"/>
  </patternset>
  
  <path id="inf2100-oblig-2017.module.sourcepath">
    <dirset dir="${module.inf2100-oblig-2017.basedir}/../../magnus">
      <include name="inf2100-oblig-2017"/>
    </dirset>
  </path>
  
  
  <target name="compile.module.inf2100-oblig-2017" depends="compile.module.inf2100-oblig-2017.production,compile.module.inf2100-oblig-2017.tests" description="Compile module inf2100-oblig-2017"/>
  
  <target name="compile.module.inf2100-oblig-2017.production" depends="register.custom.compilers" description="Compile module inf2100-oblig-2017; production classes">
    <mkdir dir="${inf2100-oblig-2017.output.dir}"/>
    <javac2 destdir="${inf2100-oblig-2017.output.dir}" debug="${compiler.debug}" nowarn="${compiler.generate.no.warnings}" memorymaximumsize="${compiler.max.memory}" fork="true" executable="${module.jdk.bin.inf2100-oblig-2017}/javac">
      <compilerarg line="${compiler.args.inf2100-oblig-2017}"/>
      <bootclasspath refid="inf2100-oblig-2017.module.bootclasspath"/>
      <classpath refid="inf2100-oblig-2017.module.production.classpath"/>
      <src refid="inf2100-oblig-2017.module.sourcepath"/>
      <patternset refid="excluded.from.compilation.inf2100-oblig-2017"/>
    </javac2>
    
    <copy todir="${inf2100-oblig-2017.output.dir}">
      <fileset dir="${module.inf2100-oblig-2017.basedir}">
        <patternset refid="compiler.resources"/>
        <type type="file"/>
      </fileset>
    </copy>
  </target>
  
  <target name="compile.module.inf2100-oblig-2017.tests" depends="register.custom.compilers,compile.module.inf2100-oblig-2017.production" description="compile module inf2100-oblig-2017; test classes" unless="skip.tests"/>
  
  <target name="clean.module.inf2100-oblig-2017" description="cleanup module">
    <delete dir="${inf2100-oblig-2017.output.dir}"/>
    <delete dir="${inf2100-oblig-2017.testoutput.dir}"/>
  </target>
</project>